src,target
discuss extended incontinence under the following headings,bespreek langdurige inkontinensie onder die hoofde
glyptic art reached a peak in the middle assyrian period,gliptiese kuns het n hoogtepunt bereik tydens die middelassiriese tydperk
will be discussed in class,sal in die klas bespreek word
proceedings national,verrigtinge nasionaal
occurrence of diseases,voorkoms van siektes
very little information collected at any given point,baie min inligting gegee op enige gegewe punt
environmental levy estate duty fuel tax provisional tax valueadded tax,omgewingsheffing boedelbelasting brandstofheffing voorlopige belasting belasting op toegevoegde waarde
reread the outcomes of study unit,lees weer deur die uitkomste van leereenheid
release off oxygen,suurstof word afgegee
social studies,leereenheid sosiale studies
the facilities and apparatus that are required,die fasiliteite en apparaat wat benodig word
time allocated for unit section assignment,tyd toegeken vir leereenheid gedeelte opdrag
and most importantly your planter must be ready to go,hierdie implement het die belangrikste werk van alles
customers will be refunded for faulty products,klante sal vir foutiewe produkte terugbetaal word
a physical formatting,a fisiese formatering
data limitations there are no limitations on indicator data,databeperkings daar is geen beperking op die aanwyserdata nie
state grounds upon which objection is based,sit gronde uiteen waarop beswaar berus
the seven ancient and modern wonders of the world,die sewe antieke en moderne wonders van die wreld
electrical technology february march,elektriese tegnologie februarie maart
seminar specific canonics and revelational significance of philemon and philippians,seminaar besondere kanoniek en openbaringsbetekenis van filemon en filippense
increases in advertising and promotion,toename in advertensie en reklame
investments availableforsale measured at fair value,beleggings beskikbaar vir verkoop wat een billike waarde gemeet is
identify the type of reproductive process in the diagram above,identifiseer die tipe voortplantingsproses in die diagram hierbo
entrepreneurship factors of production,entrepreneurskap produksiefaktore
publication of allocations included in the wcpg budget,publisering van toewysings ingesluit in die wkpgbegroting
diseases and pests,siektes en plae
evaluate the way in which the three competencies are integrated,evalueer die wyse waarop die drie bevoegdhede gentegreer is
special events only registrants may apply for special events registration,slegs geregistreerdes mag aansoek doen vir spesiale geleenthede registrasie
find a suitable case by identifying a patient,vind n geskikte geval deur die pasint te identifiseer
with reference to collective bargaining and organisational rights,ten opsigte van kollektiewe bedinging en organisatoriese regte
determine the prices of products,die prys van produkte te kan bepaal
residences for hosting sports tournaments and competitions,koshuise vir die aanbieding van sporttoernooie en kompetisies
measure own growth,meet eie groei
evaluate the period of the united monarchy,evalueer die tyd van die verenigde koninkryk van israel
listen to the extract and answer the questions that follow,luister na die uittreksel en beantwoord die vrae wat volg
explain to this patient why these symptoms manifest themselves,verduidelik aan hierdie pasint hoekom hierdie simptome manifesteer
refer to annexure on pages to,verwys na bylae op bladsy tot
study unit leadership and trust,leereenheid leierskap
name of person who raised sponsorship,naam van persoon wat borgskap verkry het
introduction to biomechanics,inleiding tot biomeganika
sequences should show counting forwards and backwards in,getalpatrone behoort aan en terugtel aan te dui in
too many learners are leaving the system,te veel leerders verlaat skool vroeg
parenting plans can also be registered with the family advocate,ouerskapsplanne kan ook by die gesinsadvokaat geregistreer word
misunderstanding of provisions,die nieverstaan van bepalings
pp interaction in peer group,pp interaksie in portuurgroep
study unit to be assessed through a case study,leereenheid sal by wyse van n gevallestudie geassesseer word
physicalpresence test determined by calculations,fisiese teenwoordigheidstoets bepaal deur berekenings
read the prescribed material,belangrike inligting
motivate why adults need to eat where children are present,motiveer waarom volwassenes saam met kinders moet eet
attended date appointed,bygewoon datum aangestel
the company uses measures to standardise workers skills,die maatskappy maatrels gebruik om werkers se vaardighede te standaardiseer
practical and,prakties en
construction project manager,konstruksieprojekbestuurder
you need approximately hours to complete this study unit,jy benodig ongeveer uur om hierdie leereenheid af te handel
promoting adequate nutrition and healthy lifestyles,die bevordering van toereikende voeding en n gesonde lewensstyl
it had a mythical and religious dimension,dit het n mitiese en religieuse dimensie gehad
vocalisations eg crepitations and ululations included,vokalisasie bv krepitasies en ululasies word ingesluit
proposed time frame,voorgestelde tyd
communication systems including alternative communication systems must be tested frequently,kommunikasiestelsels asook alternatiewe kommunikasiestelsels moet gereeld getoets word
passport number,paspoortnommer
senior administration clerk,senior administratiewe klerk
chapter rural settlement and urban settlement,hoofstuk landelike en stedelike nedersetting
to observe the procedures of the municipality,om die munisipaliteit se prosedures na te kom
an appropriate formal dress code must be observed,n aanvaarbare professionele kleredrag moet deurentyd gehandhaaf word
free access to market information,vroe waarskuwingsisteme word ontwikkel
continue to focus on grouping objects,gaan voort om op die groepering van voorwerpe te fokus
average usage per household in cubic metres,gemiddelde verbruik per huishouding in kubieke meter
see notes in term,verwys na die notas vir kwartaal
interpretation of rights,vertolking van regte
celebrated arbour day at two schools,boomdag by twee skole gevier
the exercise must be handed in after your practical teaching,die oefening moet na jou proefonderwys afgehandel is ingegee word
think about these situations,dink oor hierdie situasies na
taste alteration or loss of appetite,veranderings in smaaksin of verlies aan aptyt
communicate largely by means of interaction behaviour or charisma,kommunikeer hoofsaaklik deur middel van interaksie gedrag of charisma
they wont rule me,hulle gaan nie oor my heers nie
the burning of waste is strictly prohibited un,die verbranding van afval
the results are shown in the table below,die resultate word in die onderstaande tabel getoon
highlight the similarities and differences clearly,lig die ooreenkomste en verskille duidelik uit
between and,tussen en
list one by one or in order of importance,lys een vir een of in volgorde van belangrikheid
section of the constitution of the western cape act of,artikel van die grondwet van die weskaap wet van
write down the range of f,skryf die waardeversameling van f neer
the oil and protein seed development trust quarterly four pages,die olie en proteensaadontwikkelingstrust kwartaalliks vier bladsye
no late assignments will be accepted,geen laat opdragte word aanvaar nie
south africas factor endowment,suidafrika se posisie in die wreld ekonomie
a lot of research has gone into this aspect,baie navorsing is al in hierdie verband onderneem
study section tax on dividends,leerafdeling belasting op dividende
study the module outcomes and work through the learning activities,al die uitkomste deeglik bestudeer en leeraktiwiteite deurwerk
in this regard compare action verbs for the module,vergelyk in di verband die aksiewerkwoorde vir hierdie module
allocations aligned with the western cape mtbps,toewysings in ooreenstemming gebring met weskaapse mtbbv
self evaluation questions,self evaluasie vrae
sum up the era of the monarchy,die tydperk van die monargie op te som
the selling price is r per candle,die verkoopprys is r per kers
a changing subject,a verandering van die onderwerp vf vervanging
good quality black pen,goeie kwaliteit swart inkpen
explain the variability of the value of numbers,die veranderlikheid van die waarde van getalle te verduidelik
community based public works programmes reports research c,gemeenskapsgebaseerde openbarewerkeprogramme verslae en navorsing c
overexpenditure on compensation of employees of r,oorbesteding van r vir vergoeding aan werknemers
control systems that involve the hypothalamus and the hypophysis,beheersisteme wat die hipotalamus en die hipofise insluit
output vat nonsupplies,uitset btw nielewerings
